Major Funds: Performance

Name,Last,1 Week,1 Month,YTD,1 Year
"Aditya Birla Sun Life Cash Plus Daily Dividend Rei","100.205","0.01%","-0.00%","0.01%","0.01%"
"Aditya Birla Sun Life Cash Plus Discipline Advanta","216.398","0.06%","0.31%","2.58%","5.55%"
"Aditya Birla Sun Life Cash Plus Dividend Payout Di","175.612","0.07%","0.34%","2.66%","5.76%"
"Aditya Birla Sun Life Cash Plus Fund Institutional","108.033","0.01%","-0.00%","0.01%","0.01%"
"Aditya Birla Sun Life Cash Plus Fund Institutional","535.482","0.07%","0.34%","2.61%","5.67%"
"Aditya Birla Sun Life Cash Plus Fund Institutional","108.088","-0.01%","0.01%","-0.04%","-0.02%"
"Aditya Birla Sun Life Cash Plus Fund Retail Daily","163.709","0.01%","-0.00%","0.01%","0.01%"
"Aditya Birla Sun Life Cash Plus Fund Retail Growth","521.808","0.07%","0.34%","2.61%","5.67%"
"Aditya Birla Sun Life Cash Plus Growth Direct Plan","323.457","0.07%","0.34%","2.66%","5.76%"
"Aditya Birla Sun Life Cash Plus Regular Dividend P","134.546","0.07%","0.34%","2.61%","5.67%"
"Aditya Birla Sun Life Cash Plus Regular Plan Daily","100.204","0.01%","-0.00%","0.01%","0.01%"
"Aditya Birla Sun Life Cash Plus Regular Plan Growt","321.551","0.07%","0.34%","2.61%","5.67%"
"Aditya Birla Sun Life Cash Plus Regular Plan Weekl","100.244","-0.01%","0.01%","-0.04%","-0.02%"
"Aditya Birla Sun Life Cash Plus Weekly Dividend Pa","100.244","-0.01%","0.01%","-0.04%","-0.02%"
"Axis Liquid Daily Dividend Reinvestment","1,001.400","0.00%","0.00%","0.00%","0.00%"
"Axis Liquid Fund Direct Plan Daily Dividend Reinve","1,000.956","0.00%","0.00%","0.00%","0.00%"
"Axis Liquid Fund Direct Plan Growth Option","2,229.905","0.06%","0.30%","2.64%","5.67%"
"Axis Liquid Fund Direct Plan Monthly Dividend Payo","1,000.944","-0.24%","-0.00%","-0.01%","-0.02%"
"Axis Liquid Fund Direct Plan Weekly Dividend Payou","1,002.715","0.06%","0.03%","0.05%","-0.04%"
"Axis Liquid Fund Direct plan Bonus Option","2,215.571","-0.00%","-0.00%","1.99%","5.00%"
"Axis Liquid Institutional Growth","2,219.327","0.06%","0.30%","2.61%","5.61%"
"Axis Liquid Institutional Monthly Dividend Payout","1,001.529","-0.24%","-0.00%","-0.01%","-0.56%"
"Axis Liquid Institutional Weekly Dividend Payout","1,002.704","0.06%","0.03%","0.05%","-0.05%"
"Axis Liquid Retail Daily Dividend Reinvestment","1,000.956","0.00%","0.00%","0.00%","0.00%"
"HDFC Balanced Adv Direct Plan Dividend Payout Opti","22.790","-0.52%","7.08%","-19.84%","-27.20%"
"HDFC Liquid Fund -Direct Plan - Growth Option","3,950.488","0.06%","0.30%","2.54%","5.53%"
"HDFC Liquid Fund -Direct Plan Daily Dividend Reinv","1,019.820","-0.00%","-0.00%","-0.00%","-0.00%"
"HDFC Liquid Fund -Direct Plan Monthly Dividend Pay","1,029.466","0.06%","0.30%","0.30%","0.20%"
"HDFC Liquid Fund -Direct Plan Weekly Dividend Payo","1,031.677","-0.01%","0.05%","0.05%","-0.04%"
"HDFC Liquid Fund Daily Dividend Reinvestment","1,019.820","-0.00%","-0.00%","-0.00%","-0.00%"
"HDFC Liquid Fund Growth","3,926.267","0.06%","0.29%","2.49%","5.42%"
"HDFC Liquid Fund Monthly Dividend Payout","1,029.373","0.06%","0.29%","0.29%","0.20%"
"HDFC Liquid Fund Premium Plan Daily Dividend Reinv","1,225.980","0.00%","0.00%","0.00%","0.00%"
"HDFC Liquid Fund Premium Plan Growth","3,764.092","-0.00%","-0.00%","-0.00%","-0.00%"
"HDFC Liquid Fund Weekly Dividend Payout Reinvestme","1,031.661","-0.01%","0.05%","0.05%","-0.04%"
"ICICI Prudential Liquid Plan Annual Dividend Payou","104.129","0.06%","0.33%","2.61%","-1.52%"
"ICICI Prudential Liquid Plan Daily Dividend Reinve","100.148","-0.00%","-0.00%","-0.00%","-0.00%"
"ICICI Prudential Liquid Plan Direct Plan Annual Di","104.203","0.07%","0.34%","2.67%","-1.50%"
"ICICI Prudential Liquid Plan Direct Plan Bonus","149.190","-0.00%","-0.00%","1.84%","4.84%"
"ICICI Prudential Liquid Plan Direct Plan Daily Div","100.108","-0.00%","-0.00%","-0.00%","-0.00%"
"ICICI Prudential Liquid Plan Direct Plan Dividend","150.034","0.07%","0.34%","2.67%","5.69%"
"ICICI Prudential Liquid Plan Direct Plan Growth","297.339","0.07%","0.34%","2.67%","5.69%"
"ICICI Prudential Liquid Plan Direct Plan Half Year","105.854","0.07%","0.34%","-0.17%","-0.61%"
"ICICI Prudential Liquid Plan Direct Plan Monthly D","100.536","0.07%","0.34%","0.33%","0.29%"
"ICICI Prudential Liquid Plan Direct Plan Quarterly","101.129","-1.17%","-0.90%","-0.05%","-0.04%"
"ICICI Prudential Liquid Plan Direct Plan Weekly Di","100.249","-0.02%","0.04%","0.05%","-0.04%"
"ICICI Prudential Liquid Plan Dividend Payout Other","149.497","0.06%","0.33%","2.61%","5.59%"
"ICICI Prudential Liquid Plan Growth","295.956","0.06%","0.33%","2.61%","5.59%"
"ICICI Prudential Liquid Plan Half Yearly Dividend","104.792","0.06%","0.33%","-0.18%","-0.62%"
"ICICI Prudential Liquid Plan Institutional Daily D","118.502","-0.00%","-0.00%","-0.00%","-0.00%"
"ICICI Prudential Liquid Plan Institutional Growth","462.330","0.00%","0.00%","1.71%","4.49%"
"ICICI Prudential Liquid Plan Institutional I Growt","275.615","-0.00%","-0.00%","1.75%","4.57%"
"ICICI Prudential Liquid Plan Institutional Plus Da","118.515","-0.00%","-0.00%","-0.00%","-0.00%"
"ICICI Prudential Liquid Plan Monthly Dividend Payo","100.422","0.06%","0.33%","0.34%","0.30%"
"ICICI Prudential Liquid Plan Quarterly Dividend Pa","100.380","-1.14%","-0.88%","-0.05%","-0.04%"
"ICICI Prudential Liquid Plan Retail Daily Dividend","118.514","-0.00%","-0.00%","-0.00%","-0.00%"
"ICICI Prudential Liquid Plan Retail Growth","450.780","0.00%","0.00%","1.71%","4.49%"
"ICICI Prudential Liquid Plan Retail Monthly Divide","100.537","-0.00%","-0.00%","0.42%","0.38%"
"ICICI Prudential Liquid Plan Retail Weekly Dividen","118.917","-0.00%","-0.00%","0.07%","-0.02%"
"ICICI Prudential Liquid Plan Weekly Dividend Payou","100.222","-0.02%","0.04%","0.05%","-0.04%"
"Kotak Liquid-Plan A - Growth - Direct","4,059.895","0.06%","0.33%","2.50%","5.45%"
"Kotak Liquid-Plan A Daily Dividend Reinvestment Di","1,222.810","-0.00%","-0.00%","-0.00%","-0.00%"
"Reliance Liquid Fund - Treasury Plan - Direct Plan","4,911.038","0.07%","0.33%","2.66%","5.72%"
"Reliance Liquid Fund Treasury Plan Direct Plan Dai","1,528.740","0.00%","0.00%","0.00%","0.00%"
"Reliance Liquid Fund Treasury Plan Direct Plan Mon","1,587.871","-0.25%","0.02%","-0.08%","-0.13%"
"Reliance Liquid Fund Treasury Plan Direct Plan Qua","1,005.000","0.07%","-1.21%","-0.24%","-0.31%"
"Reliance Liquid Fund Treasury Plan Direct Plan Wee","1,530.588","-0.01%","0.02%","-0.04%","-0.02%"
"Reliance Liquid Fund Treasury Plan Quarterly Divid","1,003.281","0.07%","-1.15%","-0.20%","-0.27%"
"SBI Premier Liquid Fund Direct Plan Daily Dividend","1,014.530","0.06%","0.31%","1.12%","1.12%"
"SBI Premier Liquid Fund Direct Plan Fortnightly Di","1,026.874","0.06%","0.31%","1.44%","1.47%"
"SBI Premier Liquid Fund Direct Plan Growth","3,144.587","0.06%","0.31%","2.57%","5.55%"
"SBI Premier Liquid Fund Direct Plan Weekly Dividen","1,073.999","0.06%","0.31%","1.18%","1.20%"
"SBI Premier Liquid Fund Institutional Daily Divide","1,014.728","0.06%","0.31%","1.14%","1.14%"
"SBI Premier Liquid Fund Institutional Fortnightly","1,038.123","0.06%","0.31%","1.42%","1.44%"
"SBI Premier Liquid Fund Institutional Growth","3,157.936","0.06%","0.31%","2.53%","5.48%"
"SBI Premier Liquid Fund Institutional Weekly Divid","1,500.000","0.00%","0.00%","0.00%","41.44%"
"SBI Premier Liquid Fund Regular Plan Daily Dividen","1,014.524","0.06%","0.31%","1.12%","1.12%"
"SBI Premier Liquid Fund Regular Plan Fortnightly D","1,026.680","0.06%","0.31%","1.43%","1.45%"
"SBI Premier Liquid Fund Regular Plan Growth","3,128.394","0.06%","0.31%","2.53%","5.47%"
"SBI Premier Liquid Fund Regular Plan Weekly Divide","1,073.786","0.06%","0.31%","1.16%","1.18%"
